Steps,Policy/Entropy,Policy/Extrinsic Value Estimate,Environment/Episode Length,Environment/Cumulative Reward,Policy/Extrinsic Reward,Is Training
50000,1.4189385,32.527767,31.75,-0.8928571428571429,-0.8928571428571429,1.0
60000,1.4189383,31.83178,32.533557046979865,-0.9328859060402684,-0.9328859060402684,1.0
70000,1.4189383,32.184196,30.977707006369428,-0.9041533546325878,-0.9041533546325878,1.0
80000,1.4189383,32.403008,31.96039603960396,-0.9407894736842105,-0.9407894736842105,1.0
90000,1.4189383,31.151188,30.66031746031746,-0.9053627760252366,-0.9053627760252366,1.0
