Steps,Policy/Entropy,Environment/Episode Length,Policy/Extrinsic Value Estimate,Environment/Cumulative Reward,Policy/Extrinsic Reward,Is Training
10000,1.4189383,82.34188034188034,1.4878072,-1.1549784676011265,-1.1549784676011265,1.0
20000,1.4228764,78.44262295081967,1.8296912,-1.145901658007356,-1.145901658007356,1.0
30000,1.4222499,80.584,1.7575505,-1.1450000145435333,-1.1450000145435333,1.0
40000,1.4233086,79.16935483870968,2.2429867,-1.1026600177288055,-1.1026600177288055,1.0
50000,1.4218165,78.86614173228347,2.297301,-1.1422851725947112,-1.1422851725947112,1.0
60000,1.4214377,75.26829268292683,2.421523,-1.1151016442998638,-1.1151016442998638,1.0
70000,1.4206488,78.9375,2.2624185,-1.157826944727164,-1.157826944727164,1.0
