{
    "name": "root",
    "gauges": {
        "correct_ED_5.7_RollerBall.Policy.Entropy.mean": {
            "value": 1.3789241313934326,
            "min": 1.3789241313934326,
            "max": 1.4214839935302734,
            "count": 48
        },
        "correct_ED_5.7_RollerBall.Environment.EpisodeLength.mean": {
            "value": 148.25,
            "min": 82.59166666666667,
            "max": 199.0,
            "count": 48
        },
        "correct_ED_5.7_RollerBall.Policy.ExtrinsicValueEstimate.mean": {
            "value": 1.813116431236267,
            "min": 0.0463201180100441,
            "max": 1.813116431236267,
            "count": 48
        },
        "correct_ED_5.7_RollerBall.Environment.CumulativeReward.mean": {
            "value": 4.49543369117686,
            "min": -1.1494166858896029,
            "max": 4.567105919461358,
            "count": 48
        },
        "correct_ED_5.7_RollerBall.Policy.ExtrinsicReward.mean": {
            "value": 4.49543369117686,
            "min": -1.1494166858896029,
            "max": 4.567105919461358,
            "count": 48
        },
        "correct_ED_5.7_RollerBall.IsTraining.mean": {
            "value": 1.0,
            "min": 1.0,
            "max": 1.0,
            "count": 48
        },
        "correct_ED_5.7_RollerBall.Losses.ValueLoss.mean": {
            "value": 0.11967656761407852,
            "min": 0.02126890793442726,
            "max": 0.8767383098602295,
            "count": 46
        },
        "correct_ED_5.7_RollerBall.Losses.PolicyLoss.mean": {
            "value": 0.02599218115210533,
            "min": 0.016926076263189316,
            "max": 0.033482637256383896,
            "count": 46
        },
        "correct_ED_5.7_RollerBall.Policy.LearningRate.mean": {
            "value": 0.0002527056203689426,
            "min": 0.0002527056203689426,
            "max": 0.0002989725035149604,
            "count": 46
        }
    },
    "metadata": {
        "timer_format_version": "0.1.0",
        "start_time_seconds": "1592178457",
        "python_version": "3.7.3 (default, Apr 24 2019, 15:29:51) [MSC v.1915 64 bit (AMD64)]",
        "command_line_arguments": "C:\\Users\\formulos\\Anaconda3\\Scripts\\mlagents-learn roller_config_new.yaml --run-id=correct_ED_5.7",
        "mlagents_version": "0.16.1",
        "mlagents_envs_version": "0.16.1",
        "communication_protocol_version": "1.0.0",
        "tensorflow_version": "1.14.0",
        "end_time_seconds": "1592179046"
    },
    "total": 588.5443668,
    "count": 1,
    "self": 0.0007845000000088476,
    "children": {
        "run_training.setup": {
            "total": 0.023097299999999876,
            "count": 1,
            "self": 0.023097299999999876
        },
        "TrainerController.start_learning": {
            "total": 588.520485,
            "count": 1,
            "self": 23.296100599995953,
            "children": {
                "TrainerController._reset_env": {
                    "total": 4.078020500000001,
                    "count": 1,
                    "self": 4.078020500000001
                },
                "TrainerController.advance": {
                    "total": 559.1370558000042,
                    "count": 27029,
                    "self": 0.38885890000631207,
                    "children": {
                        "env_step": {
                            "total": 558.7481968999979,
                            "count": 27029,
                            "self": 505.8508230999958,
                            "children": {
                                "SubprocessEnvManager._take_step": {
                                    "total": 52.47580090000448,
                                    "count": 27029,
                                    "self": 1.2327830000080908,
                                    "children": {
                                        "NNPolicy.evaluate": {
                                            "total": 51.24301789999639,
                                            "count": 24497,
                                            "self": 51.24301789999639
                                        }
                                    }
                                },
                                "workers": {
                                    "total": 0.42157289999761005,
                                    "count": 27028,
                                    "self": 0.0,
                                    "children": {
                                        "worker_root": {
                                            "total": 580.7735525999973,
                                            "count": 27028,
                                            "is_parallel": true,
                                            "self": 150.00462860000107,
                                            "children": {
                                                "steps_from_proto": {
                                                    "total": 0.00047949999999996606,
                                                    "count": 1,
                                                    "is_parallel": true,
                                                    "self": 0.00012220000000073838,
                                                    "children": {
                                                        "_process_vector_observation": {
                                                            "total": 0.0003572999999992277,
                                                            "count": 2,
                                                            "is_parallel": true,
                                                            "self": 0.0003572999999992277
                                                        }
                                                    }
                                                },
                                                "UnityEnvironment.step": {
                                                    "total": 430.76844449999624,
                                                    "count": 27028,
                                                    "is_parallel": true,
                                                    "self": 3.2471241999919584,
                                                    "children": {
                                                        "UnityEnvironment._generate_step_input": {
                                                            "total": 17.59504590000371,
                                                            "count": 27028,
                                                            "is_parallel": true,
                                                            "self": 17.59504590000371
                                                        },
                                                        "communicator.exchange": {
                                                            "total": 399.8307098999976,
                                                            "count": 27028,
                                                            "is_parallel": true,
                                                            "self": 399.8307098999976
                                                        },
                                                        "steps_from_proto": {
                                                            "total": 10.095564500002975,
                                                            "count": 27028,
                                                            "is_parallel": true,
                                                            "self": 2.9058799999907725,