{
    "name": "root",
    "gauges": {
        "one_food_MA5_RollerBall.Policy.Entropy.mean": {
            "value": 1.4056593179702759,
            "min": 1.4056593179702759,
            "max": 1.4348554611206055,
            "count": 48
        },
        "one_food_MA5_RollerBall.Environment.EpisodeLength.mean": {
            "value": 215.0,
            "min": 71.203125,
            "max": 1601.0,
            "count": 30
        },
        "one_food_MA5_RollerBall.Self-play.ELO.mean": {
            "value": -182.0601513867432,
            "min": -182.0601513867432,
            "max": 1161.0453165413758,
            "count": 30
        },
        "one_food_MA5_RollerBall.Policy.ExtrinsicValueEstimate.mean": {
            "value": 0.0636986643075943,
            "min": 0.007135638501495123,
            "max": 2.0922560691833496,
            "count": 48
        },
        "one_food_MA5_RollerBall.Environment.CumulativeReward.mean": {
            "value": 0.0,
            "min": -1.0,
            "max": 1.5,
            "count": 30
        },
        "one_food_MA5_RollerBall.Policy.ExtrinsicReward.mean": {
            "value": 0.0,
            "min": -1.0,
            "max": 1.5,
            "count": 30
        },
        "one_food_MA5_RollerBall.IsTraining.mean": {
            "value": 1.0,
            "min": 1.0,
            "max": 1.0,
            "count": 48
        },
        "one_food_MA5_RollerBall.Losses.ValueLoss.mean": {
            "value": 0.002495284890756011,
            "min": 0.002011168049648404,
            "max": 1.783069372177124,
            "count": 45
        },
        "one_food_MA5_RollerBall.Losses.PolicyLoss.mean": {
            "value": 0.02291022799909115,
            "min": 0.017230769619345665,
            "max": 0.033507633954286575,
            "count": 45
        },
        "one_food_MA5_RollerBall.Policy.LearningRate.mean": {
            "value": 6.0685079006361775e-06,
            "min": 6.0685079006361775e-06,
            "max": 0.0002793720050249249,
            "count": 45
        }
    },
    "metadata": {
        "timer_format_version": "0.1.0",
        "start_time_seconds": "1592061020",
        "python_version": "3.7.3 (default, Apr 24 2019, 15:29:51) [MSC v.1915 64 bit (AMD64)]",
        "command_line_arguments": "C:\\Users\\formulos\\Anaconda3\\Scripts\\mlagents-learn roller_config_old.yaml --run-id=one_food_MA5 --resume",
        "mlagents_version": "0.16.1",
        "mlagents_envs_version": "0.16.1",
        "communication_protocol_version": "1.0.0",
        "tensorflow_version": "1.14.0",
        "end_time_seconds": "1592061629"
    },
    "total": 609.1276304,
    "count": 1,
    "self": 0.473576200000025,
    "children": {
        "run_training.setup": {
            "total": 0.02327250000000003,
            "count": 1,
            "self": 0.02327250000000003
        },
        "TrainerController.start_learning": {
            "total": 608.6307817000001,
            "count": 1,
            "self": 26.062059400003136,
            "children": {
                "TrainerController._reset_env": {
                    "total": 11.909539199999976,
                    "count": 5,
                    "self": 11.909539199999976
                },
                "TrainerController.advance": {
                    "total": 568.869902499997,
                    "count": 25416,
                    "self": 0.3667650999917669,
                    "children": {
                        "env_step": {
                            "total": 568.5031374000052,
                            "count": 25416,
                            "self": 522.6433940999931,
                            "children": {
                                "SubprocessEnvManager._take_step": {
                                    "total": 45.42513160001107,
                                    "count": 25416,
                                    "self": 1.2369021000071285,
                                    "children": {
                                        "NNPolicy.evaluate": {
                                            "total": 44.18822950000394,
                                            "count": 23938,
                                            "self": 44.18822950000394
                                        }
                                    }
                                },
                                "workers": {
                                    "total": 0.4346117000010352,
                                    "count": 25416,
                                    "self": 0.0,
                                    "children": {
                                        "worker_root": {
                                            "total": 593.424275000004,
                                            "count": 25416,
                                            "is_parallel": true,
                                            "self": 145.1475784000108,
                                            "children": {
                                                "steps_from_proto": {
                                                    "total": 0.0026454000000235567,
                                                    "count": 5,
                                                    "is_parallel": true,
                                                    "self": 0.0007762999999734177,
                                                    "children": {
                                                        "_process_vector_observation": {
                                                            "total": 0.001869100000050139,
                                                            "count": 10,
                                                            "is_parallel": true,
                                                            "self": 0.001869100000050139
                                                        }
                                                    }
                                                },
                                                "UnityEnvironment.step": {
                                                    "total": 448.27405119999315,
                                                    "count": 25416,
                                                    "is_parallel": true,
                                                    "self": 3.299025800002312,
                                                    "children": {
                                                        "UnityEnvironment._generate_step_input": {
                                                            "total": 18.62747790000023,
                                                            "count": 25416,
                                                            "is_parallel": true,
                                                            "self": 18.62747790000023
                                                        },
                                                        "communicator.exchange": {
                                                            "total": 415.5904864999945,
                                                            "count": 25416,
                                                            "is_parallel": true,
                                                            "self": 415.5904864999945
                                                        },
                                                        "steps_from_proto": {
                                                            "total": 10.757060999996153,
                                                            "count": 25416,
                                                            "is_parallel": true,
                                                            "self": 3.2060962999972844,