{
    "name": "root",
    "gauges": {
        "one_food_MA8_RollerBall.Policy.Entropy.mean": {
            "value": 1.2204667329788208,
            "min": 1.2203001976013184,
            "max": 1.4478589296340942,
            "count": 92
        },
        "one_food_MA8_RollerBall.Environment.EpisodeLength.mean": {
            "value": 45176.0,
            "min": 62.7515923566879,
            "max": 45176.0,
            "count": 24
        },
        "one_food_MA8_RollerBall.Policy.ExtrinsicValueEstimate.mean": {
            "value": -0.013792548328638077,
            "min": -0.013792548328638077,
            "max": 2.6869144439697266,
            "count": 92
        },
        "one_food_MA8_RollerBall.Environment.CumulativeReward.mean": {
            "value": 0.0,
            "min": -1.0,
            "max": 0.0,
            "count": 24
        },
        "one_food_MA8_RollerBall.Policy.ExtrinsicReward.mean": {
            "value": 0.0,
            "min": -1.0,
            "max": 0.0,
            "count": 24
        },
        "one_food_MA8_RollerBall.IsTraining.mean": {
            "value": 1.0,
            "min": 1.0,
            "max": 1.0,
            "count": 92
        },
        "one_food_MA8_RollerBall.Losses.ValueLoss.mean": {
            "value": 0.0018529326189309359,
            "min": 4.04964666813612e-05,
            "max": 2.856311798095703,
            "count": 89
        },
        "one_food_MA8_RollerBall.Losses.PolicyLoss.mean": {
            "value": 0.025163568556308746,
            "min": 0.017280900850892067,
            "max": 0.03379073366522789,
            "count": 89
        },
        "one_food_MA8_RollerBall.Policy.LearningRate.mean": {
            "value": 0.00016243179561570287,
            "min": 0.00016243179561570287,
            "max": 0.00029846359393559396,
            "count": 89
        }
    },
    "metadata": {
        "timer_format_version": "0.1.0",
        "start_time_seconds": "1592067114",
        "python_version": "3.7.3 (default, Apr 24 2019, 15:29:51) [MSC v.1915 64 bit (AMD64)]",
        "command_line_arguments": "C:\\Users\\formulos\\Anaconda3\\Scripts\\mlagents-learn roller_config_old.yaml --run-id=one_food_MA8",
        "mlagents_version": "0.16.1",
        "mlagents_envs_version": "0.16.1",
        "communication_protocol_version": "1.0.0",
        "tensorflow_version": "1.14.0",
        "end_time_seconds": "1592068361"
    },
    "total": 1246.9297597999998,
    "count": 1,
    "self": 0.0006200999998782208,
    "children": {
        "run_training.setup": {
            "total": 0.025057800000000352,
            "count": 1,
            "self": 0.025057800000000352
        },
        "TrainerController.start_learning": {
            "total": 1246.9040819,
            "count": 1,
            "self": 44.988999999994576,
            "children": {
                "TrainerController._reset_env": {
                    "total": 9.0426954,
                    "count": 1,
                    "self": 9.0426954
                },
                "TrainerController.advance": {
                    "total": 1188.8971872000052,
                    "count": 60055,
                    "self": 0.8220954000018992,
                    "children": {
                        "env_step": {
                            "total": 1188.0750918000033,
                            "count": 60055,
                            "self": 1064.5962810000105,
                            "children": {
                                "SubprocessEnvManager._take_step": {
                                    "total": 122.4751904,
                                    "count": 60055,
                                    "self": 2.8873583999977086,
                                    "children": {
                                        "NNPolicy.evaluate": {
                                            "total": 119.5878320000023,
                                            "count": 57961,
                                            "self": 119.5878320000023
                                        }
                                    }
                                },
                                "workers": {
                                    "total": 1.0036203999928066,
                                    "count": 60054,
                                    "self": 0.0,
                                    "children": {
                                        "worker_root": {
                                            "total": 1233.039806799997,
                                            "count": 60054,
                                            "is_parallel": true,
                                            "self": 322.86496110000064,
                                            "children": {
                                                "steps_from_proto": {
                                                    "total": 0.0005158999999999025,
                                                    "count": 1,
                                                    "is_parallel": true,
                                                    "self": 0.00013859999999965567,
                                                    "children": {
                                                        "_process_vector_observation": {
                                                            "total": 0.0003773000000002469,
                                                            "count": 2,
                                                            "is_parallel": true,
                                                            "self": 0.0003773000000002469
                                                        }
                                                    }
                                                },
                                                "UnityEnvironment.step": {
                                                    "total": 910.1743297999964,
                                                    "count": 60054,
                                                    "is_parallel": true,
                                                    "self": 7.133349199974532,
                                                    "children": {
                                                        "UnityEnvironment._generate_step_input": {
                                                            "total": 36.88579430000154,
                                                            "count": 60054,
                                                            "is_parallel": true,
                                                            "self": 36.88579430000154
                                                        },
                                                        "communicator.exchange": {
                                                            "total": 844.3404615999983,
                                                            "count": 60054,
                                                            "is_parallel": true,
                                                            "self": 844.3404615999983
                                                        },
                                                        "steps_from_proto": {
                                                            "total": 21.814724700021973,
                                                            "count": 60054,
                                                            "is_parallel": true,
                                                            "self": 6.4806242999875145,
                                                            "children": {
                                                                "_process_vector_observation": {
                                                                    "total": 15.334100400034458,
                                                                    "count": 120108,