{
    "name": "root",
    "gauges": {
        "RollerBall_new_starving_hard4_RollerBall.Policy.Entropy.mean": {
            "value": 1.4189382791519165,
            "min": 1.4189382791519165,
            "max": 1.418938398361206,
            "count": 6
        },
        "RollerBall_new_starving_hard4_RollerBall.Environment.EpisodeLength.mean": {
            "value": 49.84771573604061,
            "min": 49.11675126903553,
            "max": 51.78756476683938,
            "count": 6
        },
        "RollerBall_new_starving_hard4_RollerBall.Policy.ExtrinsicValueEstimate.mean": {
            "value": 0.0033577578142285347,
            "min": 0.0033577578142285347,
            "max": 0.2200784683227539,
            "count": 6
        },
        "RollerBall_new_starving_hard4_RollerBall.Environment.CumulativeReward.mean": {
            "value": -0.3743984462302722,
            "min": -0.4216666350695937,
            "max": -0.32733329012777784,
            "count": 6
        },
        "RollerBall_new_starving_hard4_RollerBall.Policy.ExtrinsicReward.mean": {
            "value": -0.3743984462302722,
            "min": -0.4216666350695937,
            "max": -0.32733329012777784,
            "count": 6
        },
        "RollerBall_new_starving_hard4_RollerBall.IsTraining.mean": {
            "value": 1.0,
            "min": 1.0,
            "max": 1.0,
            "count": 6
        }
    },
    "metadata": {
        "timer_format_version": "0.1.0",
        "start_time_seconds": "1591980208",
        "python_version": "3.7.3 (default, Apr 24 2019, 15:29:51) [MSC v.1915 64 bit (AMD64)]",
        "command_line_arguments": "C:\\Users\\formulos\\Anaconda3\\Scripts\\mlagents-learn roller_config.yaml --run-id=RollerBall_new_starving_hard4 --resume",
        "mlagents_version": "0.16.1",
        "mlagents_envs_version": "0.16.1",
        "communication_protocol_version": "1.0.0",
        "tensorflow_version": "1.14.0",
        "end_time_seconds": "1591981108"
    },
    "total": 900.6010449,
    "count": 1,
    "self": 0.0005994000000555388,
    "children": {
        "run_training.setup": {
            "total": 0.023060800000000103,
            "count": 1,
            "self": 0.023060800000000103
        },
        "TrainerController.start_learning": {
            "total": 900.5773846999999,
            "count": 1,
            "self": 23.01803019999727,
            "children": {
                "TrainerController._reset_env": {
                    "total": 6.4558531,
                    "count": 1,
                    "self": 6.4558531
                },
                "TrainerController.advance": {
                    "total": 867.3196386000027,
                    "count": 58621,
                    "self": 0.7209346999952686,
                    "children": {
                        "env_step": {
                            "total": 866.5987039000074,
                            "count": 58621,
                            "self": 770.4217483000202,
                            "children": {
                                "SubprocessEnvManager._take_step": {
                                    "total": 95.32818659998254,
                                    "count": 58621,
                                    "self": 1.9262809999775783,
                                    "children": {
                                        "NNPolicy.evaluate": {
                                            "total": 93.40190560000497,
                                            "count": 57564,
                                            "self": 93.40190560000497
                                        }
                                    }
                                },
                                "workers": {
                                    "total": 0.8487690000046424,
                                    "count": 58620,
                                    "self": 0.0,
                                    "children": {
                                        "worker_root": {
                                            "total": 889.3651333000097,
                                            "count": 58620,
                                            "is_parallel": true,
                                            "self": 186.90979310000387,
                                            "children": {
                                                "steps_from_proto": {
                                                    "total": 0.00046239999999997394,
                                                    "count": 1,
                                                    "is_parallel": true,
                                                    "self": 0.00015219999999960265,
                                                    "children": {
                                                        "_process_vector_observation": {
                                                            "total": 0.0003102000000003713,
                                                            "count": 2,
                                                            "is_parallel": true,
                                                            "self": 0.0003102000000003713
                                                        }
                                                    }
                                                },
                                                "UnityEnvironment.step": {
                                                    "total": 702.4548778000059,
                                                    "count": 58620,
                                                    "is_parallel": true,
                                                    "self": 4.932985700016047,
                                                    "children": {
                                                        "UnityEnvironment._generate_step_input": {
                                                            "total": 8.579898899999565,
                                                            "count": 58620,
                                                            "is_parallel": true,
                                                            "self": 8.579898899999565
                                                        },
                                                        "communicator.exchange": {
                                                            "total": 674.3203343999967,
                                                            "count": 58620,
                                                            "is_parallel": true,
                                                            "self": 674.3203343999967
                                                        },
                                                        "steps_from_proto": {
                                                            "total": 14.621658799993595,
                                                            "count": 58620,
                                                            "is_parallel": true,
                                                            "self": 4.902555800020771,
                                                            "children": {
                                                                "_process_vector_observation": {
                                                                    "total": 9.719102999972824,
                                                                    "count": 117240,
                                                                    "is_parallel": true,