{
    "name": "root",
    "gauges": {
        "RollerBall1_RollerBall.Policy.Entropy.mean": {
            "value": 1.418376088142395,
            "min": 1.418376088142395,
            "max": 1.4251558780670166,
            "count": 16
        },
        "RollerBall1_RollerBall.Environment.EpisodeLength.mean": {
            "value": 1654.2222222222222,
            "min": 56.26829268292683,
            "max": 17382.0,
            "count": 14
        },
        "RollerBall1_RollerBall.Policy.ExtrinsicValueEstimate.mean": {
            "value": 2.492140054702759,
            "min": 2.492140054702759,
            "max": 4.778418064117432,
            "count": 16
        },
        "RollerBall1_RollerBall.Environment.CumulativeReward.mean": {
            "value": 7.833333333333333,
            "min": 1.0872093023255813,
            "max": 20.5,
            "count": 14
        },
        "RollerBall1_RollerBall.Policy.ExtrinsicReward.mean": {
            "value": 7.833333333333333,
            "min": 1.0872093023255813,
            "max": 20.5,
            "count": 14
        },
        "RollerBall1_RollerBall.IsTraining.mean": {
            "value": 1.0,
            "min": 1.0,
            "max": 1.0,
            "count": 16
        },
        "RollerBall1_RollerBall.Losses.ValueLoss.mean": {
            "value": 0.04938396438956261,
            "min": 0.04938396438956261,
            "max": 3.251495361328125,
            "count": 15
        },
        "RollerBall1_RollerBall.Losses.PolicyLoss.mean": {
            "value": 0.02176615037024021,
            "min": 0.021563492715358734,
            "max": 0.028750862926244736,
            "count": 15
        },
        "RollerBall1_RollerBall.Policy.LearningRate.mean": {
            "value": 0.00028922970523126423,
            "min": 0.00028922970523126423,
            "max": 0.0002978671109303832,
            "count": 15
        }
    },
    "metadata": {
        "timer_format_version": "0.1.0",
        "start_time_seconds": "1591749941",
        "python_version": "3.7.3 (default, Apr 24 2019, 15:29:51) [MSC v.1915 64 bit (AMD64)]",
        "command_line_arguments": "C:\\Users\\formulos\\Anaconda3\\Scripts\\mlagents-learn roller_config.yaml --run-id=RollerBall1 --resume",
        "mlagents_version": "0.16.1",
        "mlagents_envs_version": "0.16.1",
        "communication_protocol_version": "1.0.0",
        "tensorflow_version": "1.14.0",
        "end_time_seconds": "1591752232"
    },
    "total": 2291.7904375000003,
    "count": 1,
    "self": 0.0008090000001175213,
    "children": {
        "run_training.setup": {
            "total": 0.022751500000000036,
            "count": 1,
            "self": 0.022751500000000036
        },
        "TrainerController.start_learning": {
            "total": 2291.766877,
            "count": 1,
            "self": 58.04966900001409,
            "children": {
                "TrainerController._reset_env": {
                    "total": 12.782432000000002,
                    "count": 1,
                    "self": 12.782432000000002
                },
                "TrainerController.advance": {
                    "total": 2213.5262766999863,
                    "count": 164356,
                    "self": 1.9245741999507118,
                    "children": {
                        "env_step": {
                            "total": 2211.6017025000356,
                            "count": 164356,
                            "self": 1947.8428325000184,
                            "children": {
                                "SubprocessEnvManager._take_step": {
                                    "total": 261.39324009999723,
                                    "count": 164356,
                                    "self": 5.374492099972258,
                                    "children": {
                                        "NNPolicy.evaluate": {
                                            "total": 256.01874800002497,
                                            "count": 163612,
                                            "self": 256.01874800002497
                                        }
                                    }
                                },
                                "workers": {
                                    "total": 2.3656299000199645,
                                    "count": 164355,
                                    "self": 0.0,
                                    "children": {
                                        "worker_root": {
                                            "total": 2270.6708419999645,
                                            "count": 164355,
                                            "is_parallel": true,
                                            "self": 513.703166199911,
                                            "children": {
                                                "steps_from_proto": {
                                                    "total": 0.0005117000000005589,
                                                    "count": 1,
                                                    "is_parallel": true,
                                                    "self": 0.00014700000000011926,
                                                    "children": {
                                                        "_process_vector_observation": {
                                                            "total": 0.00036470000000043967,
                                                            "count": 2,
                                                            "is_parallel": true,
                                                            "self": 0.00036470000000043967
                                                        }
                                                    }
                                                },
                                                "UnityEnvironment.step": {
                                                    "total": 1756.9671641000534,
                                                    "count": 164355,
                                                    "is_parallel": true,
                                                    "self": 13.187226900066207,
                                                    "children": {
                                                        "UnityEnvironment._generate_step_input": {
                                                            "total": 22.17955769998929,
                                                            "count": 164355,
                                                            "is_parallel": true,
                                                            "self": 22.17955769998929
                                                        },
                                                        "communicator.exchange": {
                                                            "total": 1678.3242854999864,
                                                            "count": 164355,
                                                            "is_parallel": true,
                                                            "self": 1678.3242854999864
                                                        },
                                                        "steps_from_proto": {
                                                            "total": 43.2760940000115,
                                                            "count": 164355,
                                                            "is_parallel": true,
                                                            "self": 13.239676800083664,
                                                            "children": {
                                                                "_process_vector_observation": {
                                                                    "total": 30.036417199927833,