Steps,Policy/Entropy,Policy/Extrinsic Value Estimate,Environment/Episode Length,Environment/Cumulative Reward,Policy/Extrinsic Reward,Is Training
50000,1.415283,-0.99479985,75.0,-0.25,-0.25,1.0
60000,1.415268,-0.34116817,119.63855421686748,-0.41566265060240964,-0.41566265060240964,1.0
70000,1.41407,-0.36761793,139.52777777777777,-0.4154929577464789,-0.4154929577464789,1.0
