{
    "name": "root",
    "gauges": {
        "RollerBall2_RollerBall.Policy.Entropy.mean": {
            "value": 1.426950216293335,
            "min": 1.4177240133285522,
            "max": 1.426950216293335,
            "count": 10
        },
        "RollerBall2_RollerBall.Environment.EpisodeLength.mean": {
            "value": 141.41666666666666,
            "min": 32.898648648648646,
            "max": 141.41666666666666,
            "count": 10
        },
        "RollerBall2_RollerBall.Policy.ExtrinsicValueEstimate.mean": {
            "value": -2.969223976135254,
            "min": -4.353114128112793,
            "max": -2.566929817199707,
            "count": 10
        },
        "RollerBall2_RollerBall.Environment.CumulativeReward.mean": {
            "value": -5.4458604223032125,
            "min": -5.7919384672862035,
            "max": -5.365228208208141,
            "count": 10
        },
        "RollerBall2_RollerBall.Policy.ExtrinsicReward.mean": {
            "value": -5.4458604223032125,
            "min": -5.7919384672862035,
            "max": -5.365228208208141,
            "count": 10
        },
        "RollerBall2_RollerBall.IsTraining.mean": {
            "value": 1.0,
            "min": 1.0,
            "max": 1.0,
            "count": 10
        },
        "RollerBall2_RollerBall.Losses.ValueLoss.mean": {
            "value": 0.6902676820755005,
            "min": 0.6902676820755005,
            "max": 8.037248611450195,
            "count": 9
        },
        "RollerBall2_RollerBall.Losses.PolicyLoss.mean": {
            "value": 0.026158660650253296,
            "min": 0.01942903734743595,
            "max": 0.026158660650253296,
            "count": 9
        },
        "RollerBall2_RollerBall.Policy.LearningRate.mean": {
            "value": 0.0002944498846773058,
            "min": 0.0002944498846773058,
            "max": 0.0002993835078086704,
            "count": 9
        }
    },
    "metadata": {
        "timer_format_version": "0.1.0",
        "start_time_seconds": "1591752440",
        "python_version": "3.7.3 (default, Apr 24 2019, 15:29:51) [MSC v.1915 64 bit (AMD64)]",
        "command_line_arguments": "C:\\Users\\formulos\\Anaconda3\\Scripts\\mlagents-learn roller_config.yaml --run-id=RollerBall2 --force",
        "mlagents_version": "0.16.1",
        "mlagents_envs_version": "0.16.1",
        "communication_protocol_version": "1.0.0",
        "tensorflow_version": "1.14.0",
        "end_time_seconds": "1591754059"
    },
    "total": 1619.0163104,
    "count": 1,
    "self": 0.000527500000089276,
    "children": {
        "run_training.setup": {
            "total": 0.0233108999999998,
            "count": 1,
            "self": 0.0233108999999998
        },
        "TrainerController.start_learning": {
            "total": 1618.992472,
            "count": 1,
            "self": 40.925597199993945,
            "children": {
                "TrainerController._reset_env": {
                    "total": 14.8160156,
                    "count": 1,
                    "self": 14.8160156
                },
                "TrainerController.advance": {
                    "total": 1557.8648614000062,
                    "count": 109570,
                    "self": 1.2583369000180937,
                    "children": {
                        "env_step": {
                            "total": 1556.6065244999882,
                            "count": 109570,
                            "self": 1375.8361256999983,
                            "children": {
                                "SubprocessEnvManager._take_step": {
                                    "total": 179.20504709998906,
                                    "count": 109570,
                                    "self": 3.601019799984414,
                                    "children": {
                                        "NNPolicy.evaluate": {
                                            "total": 175.60402730000465,
                                            "count": 107544,
                                            "self": 175.60402730000465
                                        }
                                    }
                                },
                                "workers": {
                                    "total": 1.5653517000007753,
                                    "count": 109569,
                                    "self": 0.0,
                                    "children": {
                                        "worker_root": {
                                            "total": 1597.8770286999895,
                                            "count": 109569,
                                            "is_parallel": true,
                                            "self": 350.98216029996865,
                                            "children": {
                                                "steps_from_proto": {
                                                    "total": 0.00047159999999912827,
                                                    "count": 1,
                                                    "is_parallel": true,
                                                    "self": 0.0001517999999993691,
                                                    "children": {
                                                        "_process_vector_observation": {
                                                            "total": 0.00031979999999975917,
                                                            "count": 2,
                                                            "is_parallel": true,
                                                            "self": 0.00031979999999975917
                                                        }
                                                    }
                                                },
                                                "UnityEnvironment.step": {
                                                    "total": 1246.8943968000208,
                                                    "count": 109569,
                                                    "is_parallel": true,
                                                    "self": 8.833163700038995,
                                                    "children": {
                                                        "UnityEnvironment._generate_step_input": {
                                                            "total": 14.58571419998584,
                                                            "count": 109569,
                                                            "is_parallel": true,
                                                            "self": 14.58571419998584
                                                        },
                                                        "communicator.exchange": {
                                                            "total": 1194.5162044999852,
                                                            "count": 109569,
                                                            "is_parallel": true,
                                                            "self": 1194.5162044999852
                                                        },
                                                        "steps_from_proto": {
                                                            "total": 28.9593144000108,
                                                            "count": 109569,
                                                            "is_parallel": true,
                                                            "self": 8.766930700028524,