Steps,Policy/Entropy,Policy/Extrinsic Value Estimate,Environment/Episode Length,Environment/Cumulative Reward,Policy/Extrinsic Reward,Is Training
230000,1.389785,-3.093821,65.57142857142857,0.3898305084745763,0.3898305084745763,1.0
240000,1.3888786,-2.7764184,68.59848484848484,0.40344827586206894,0.40344827586206894,1.0
250000,1.3881751,-0.6064597,63.35031847133758,0.445859872611465,0.445859872611465,1.0
260000,1.3876615,-2.9470978,67.21917808219177,0.4417808219178082,0.4417808219178082,1.0
270000,1.3890895,-3.7166421,70.04347826086956,0.37681159420289856,0.37681159420289856,1.0
