Steps,Policy/Entropy,Environment/Episode Length,Policy/Extrinsic Value Estimate,Environment/Cumulative Reward,Policy/Extrinsic Reward,Is Training
40000,1.4189384,50.864197530864196,0.1091758,-0.4216666350695937,-0.4216666350695937,1.0
50000,1.4189383,49.11675126903553,0.14214614,-0.3807994612344295,-0.3807994612344295,1.0
60000,1.4189383,51.78756476683938,0.22007847,-0.32733329012777784,-0.32733329012777784,1.0
70000,1.4189383,50.347150259067355,0.10801186,-0.35051284674026995,-0.35051284674026995,1.0
80000,1.4189383,51.317708333333336,0.18858057,-0.35884891920735146,-0.35884891920735146,1.0
90000,1.4189383,49.84771573604061,0.0033577578,-0.3743984462302722,-0.3743984462302722,1.0
