{
    "name": "root",
    "gauges": {
        "RollerBall_new_starving2_RollerBall.Policy.Entropy.mean": {
            "value": 1.4103448390960693,
            "min": 1.4086931943893433,
            "max": 1.4389034509658813,
            "count": 274
        },
        "RollerBall_new_starving2_RollerBall.Policy.ExtrinsicValueEstimate.mean": {
            "value": -0.17619867622852325,
            "min": -1.8437808752059937,
            "max": 0.772659182548523,
            "count": 274
        },
        "RollerBall_new_starving2_RollerBall.Environment.EpisodeLength.mean": {
            "value": 4767.5,
            "min": 213.11111111111111,
            "max": 5159.0,
            "count": 271
        },
        "RollerBall_new_starving2_RollerBall.Environment.CumulativeReward.mean": {
            "value": -59.190915785729885,
            "min": -123.98851900946465,
            "max": -1.472403800456091,
            "count": 271
        },
        "RollerBall_new_starving2_RollerBall.Policy.ExtrinsicReward.mean": {
            "value": -59.190915785729885,
            "min": -123.98851900946465,
            "max": -1.472403800456091,
            "count": 271
        },
        "RollerBall_new_starving2_RollerBall.IsTraining.mean": {
            "value": 1.0,
            "min": 1.0,
            "max": 1.0,
            "count": 274
        },
        "RollerBall_new_starving2_RollerBall.Losses.ValueLoss.mean": {
            "value": 0.15307217836380005,
            "min": 0.056343045085668564,
            "max": 0.7306029796600342,
            "count": 266
        },
        "RollerBall_new_starving2_RollerBall.Losses.PolicyLoss.mean": {
            "value": 0.021992957219481468,
            "min": 0.013024122454226017,
            "max": 0.033801086246967316,
            "count": 266
        },
        "RollerBall_new_starving2_RollerBall.Policy.LearningRate.mean": {
            "value": 3.473923300134629e-07,
            "min": 3.473923300134629e-07,
            "max": 0.0002725990198086947,
            "count": 266
        }
    },
    "metadata": {
        "timer_format_version": "0.1.0",
        "start_time_seconds": "1591931021",
        "python_version": "3.7.3 (default, Apr 24 2019, 15:29:51) [MSC v.1915 64 bit (AMD64)]",
        "command_line_arguments": "C:\\Users\\formulos\\Anaconda3\\Scripts\\mlagents-learn roller_config.yaml --run-id=RollerBall_new_starving2 --resume",
        "mlagents_version": "0.16.1",
        "mlagents_envs_version": "0.16.1",
        "communication_protocol_version": "1.0.0",
        "tensorflow_version": "1.14.0",
        "end_time_seconds": "1591958472"
    },
    "total": 27451.5224684,
    "count": 1,
    "self": 0.4620260999981838,
    "children": {
        "run_training.setup": {
            "total": 0.02545099999999989,
            "count": 1,
            "self": 0.02545099999999989
        },
        "TrainerController.start_learning": {
            "total": 27451.0349913,
            "count": 1,
            "self": 857.622145801135,
            "children": {
                "TrainerController._reset_env": {
                    "total": 4.3804963,
                    "count": 1,
                    "self": 4.3804963
                },
                "TrainerController.advance": {
                    "total": 26494.470265098873,
                    "count": 2738748,
                    "self": 30.75748119653872,
                    "children": {
                        "env_step": {
                            "total": 26463.712783902334,
                            "count": 2738748,
                            "self": 21971.505919202627,
                            "children": {
                                "SubprocessEnvManager._take_step": {
                                    "total": 4453.7212819972465,
                                    "count": 2738748,
                                    "self": 82.72463809724832,
                                    "children": {
                                        "NNPolicy.evaluate": {
                                            "total": 4370.996643899998,
                                            "count": 2736307,
                                            "self": 4370.996643899998
                                        }
                                    }
                                },
                                "workers": {
                                    "total": 38.48558270246064,
                                    "count": 2738748,
                                    "self": 0.0,
                                    "children": {
                                        "worker_root": {
                                            "total": 27355.05367019919,
                                            "count": 2738748,
                                            "is_parallel": true,
                                            "self": 8407.427921999708,
                                            "children": {
                                                "steps_from_proto": {
                                                    "total": 0.0006037999999994881,
                                                    "count": 1,
                                                    "is_parallel": true,
                                                    "self": 0.00023549999999872284,
                                                    "children": {
                                                        "_process_vector_observation": {
                                                            "total": 0.00036830000000076524,
                                                            "count": 2,
                                                            "is_parallel": true,
                                                            "self": 0.00036830000000076524
                                                        }
                                                    }
                                                },
                                                "UnityEnvironment.step": {
                                                    "total": 18947.625144399484,
                                                    "count": 2738748,
                                                    "is_parallel": true,
                                                    "self": 194.4863799962477,
                                                    "children": {
                                                        "UnityEnvironment._generate_step_input": {
                                                            "total": 356.0317812997072,
                                                            "count": 2738748,
                                                            "is_parallel": true,
                                                            "self": 356.0317812997072
                                                        },
                                                        "communicator.exchange": {
                                                            "total": 17791.932693001294,
                                                            "count": 2738748,
                                                            "is_parallel": true,
                                                            "self": 17791.932693001294
                                                        },
                                                        "steps_from_proto": {
                                                            "total": 605.1742901022377,
                                                            "count": 2738748,
                                                            "is_parallel": true,
                                                            "self": 196.05126210582114,