Steps,Policy/Entropy,Policy/Extrinsic Value Estimate,Environment/Episode Length,Environment/Cumulative Reward,Policy/Extrinsic Reward,Is Training
10000,1.4189383,-2.31844,44.25339366515837,-25.716239768290887,-25.716239768290887,1.0
20000,1.4186958,-2.892437,46.53080568720379,-27.304919331789574,-27.304919331789574,1.0
30000,1.4178207,-3.0800586,43.76126126126126,-25.79381965713107,-25.79381965713107,1.0
40000,1.4180008,-3.180062,43.04824561403509,-24.072929598585294,-24.072929598585294,1.0
50000,1.4185908,-3.1762118,40.33195020746888,-22.086558852034713,-22.086558852034713,1.0
60000,1.4185187,-3.2859437,38.14901960784314,-19.84751152207632,-19.84751152207632,1.0
