{"count":1,"self":118.026944,"total":583.8697884,"children":{"AgentSendState":{"count":122501,"self":13.302579999999999,"total":28.8422502,"children":{"CollectObservations":{"count":490020,"self":3.2994727999999998,"total":3.2994729,"children":null},"CollectDiscreteActionMasks":{"count":490020,"self":2.1493172,"total":2.1493172,"children":null},"AgentInfo.ToProto":{"count":490020,"self":5.3394683999999994,"total":10.0908803,"children":{"GenerateSensorData":{"count":490020,"self":4.751412,"total":4.751412,"children":null}}}}},"DecideAction":{"count":122501,"self":432.77342719999996,"total":432.77342389999995,"children":null},"AgentAct":{"count":122501,"self":4.1211608,"total":4.2011511,"children":{"AgentInfo.ToProto":{"count":2487,"self":0.0400224,"total":0.0799904,"children":{"GenerateSensorData":{"count":2487,"self":0.039968,"total":0.039968,"children":null}}}}},"AgentInfo.ToProto":{"count":776,"self":0.010019199999999999,"total":0.025021599999999998,"children":{"GenerateSensorData":{"count":776,"self":0.015002399999999999,"total":0.015002399999999999,"children":null}}}},"gauges":{"RollerBall.CumulativeReward":{"count":3263,"max":4.81250238,"min":-1.49499536,"runningAverage":1.16347122,"value":4.616518,"weightedAverage":4.57342625}},"metadata":{"timer_format_version":"0.1.0","start_time_seconds":"1592178460","unity_version":"2018.4.23f1","command_line_arguments":"C:\\Users\\formulos\\AppData\\Local\\Programs\\Microsoft VS Code\\2018.4.23f1\\Editor\\Unity.exe -projectpath D:\/unity\/tmp\/old_projeto_final_ML -useHub -hubIPC -cloudEnvironment production -hubSessionId e1438780-ae74-11ea-afdc-3d7dcd169a39 -accessToken XSKK0bXpyhNHytIR-xe_3VsrqqNPPR_FEKuudERNc0U004f","communication_protocol_version":"1.0.0","com.unity.ml-agents_version":"1.0.2","scene_name":"SampleScene","end_time_seconds":"1592179043"}}