{"count":1,"self":233.25411839999998,"total":2509.3374725,"children":{"AgentSendState":{"count":158851,"self":35.5184,"total":191.03612389999998,"children":{"CollectObservations":{"count":1089504,"self":11.0601936,"total":11.0601939,"children":null},"CollectDiscreteActionMasks":{"count":1089504,"self":4.879746,"total":4.8797461,"children":null},"AgentInfo.ToProto":{"count":1089504,"self":14.3986144,"total":139.5777833,"children":{"GenerateSensorData":{"count":1089504,"self":32.819264,"total":125.17916919999999,"children":{"RayPerceptionSensor.Perceive":{"count":1089504,"self":92.359904,"total":92.3599043,"children":null}}}}}}},"DecideAction":{"count":158851,"self":2072.31488,"total":2072.3148886,"children":null},"AgentAct":{"count":158851,"self":12.388506399999999,"total":12.730353,"children":{"AgentInfo.ToProto":{"count":2016,"self":0.035992199999999995,"total":0.3418465,"children":{"GenerateSensorData":{"count":2016,"self":0.065959999999999991,"total":0.30585429999999997,"children":{"RayPerceptionSensor.Perceive":{"count":2016,"self":0.23989429999999998,"total":0.23989429999999998,"children":null}}}}}}}},"gauges":{"RollerBall.CumulativeReward":{"count":1512,"max":30.8031349,"min":0.0500061065,"runningAverage":12.623683,"value":6.04985476,"weightedAverage":10.86691},"RollerBallC.CumulativeReward":{"count":504,"max":15.1710739,"min":-1.24999428,"runningAverage":5.892473,"value":6.849647,"weightedAverage":5.627007}},"metadata":{"timer_format_version":"0.1.0","start_time_seconds":"1592832367","unity_version":"2018.4.23f1","command_line_arguments":"C:\\Users\\formulos\\AppData\\Local\\Programs\\Microsoft VS Code\\2018.4.23f1\\Editor\\Unity.exe -projectpath D:\/unity\/novo_projeto_final_ML -useHub -hubIPC -cloudEnvironment production -hubSessionId 28c14e90-b3d3-11ea-892e-63e6767df3d0 -accessToken acYDxrOizQZcB7XScMfgOe1wavrXcTSVvP-RqdBkGIU004f","communication_protocol_version":"1.0.0","com.unity.ml-agents_version":"1.0.2","scene_name":"SampleScene","end_time_seconds":"1592834876"}}